output,z,g_latex,g_sympy,gp_sympy,gpp_sympy,loss
1,1,z_{1}^{2} \left(0.525 - z_{1}\right) + z_{1}^{2} + z_{1} + \left(- z_{1} + z_{1} + \left(- z_{1} + \left(z_{1} - 0.0279\right)^{2} + 0.750\right)^{2} - 0.102\right)^{2} - 0.269,z_1**2*(0.5244978 - z_1) + z_1**2 + z_1 + (-z_1 + z_1 + (-z_1 + (z_1 - 1*0.027874492)**2 + 0.7497074)**2 - 0.10229339)**2 - 1*0.2685475,-z_1**2 + 2*z_1*(0.5244978 - z_1) + 2*z_1 + 2*(4*z_1 - 2.111497968)*(-z_1 + (z_1 - 1*0.027874492)**2 + 0.7497074)*(-z_1 + z_1 + (-z_1 + (z_1 - 1*0.027874492)**2 + 0.7497074)**2 - 0.10229339) + 1,-6*z_1 + 2*(16*(z_1 - 0.527874492)**2)*(-z_1 + (z_1 - 1*0.027874492)**2 + 0.7497074)**2 + 2*(2*z_1 - 1.055748984)*(4*z_1 - 2.111497968)*(-z_1 + z_1 + (-z_1 + (z_1 - 1*0.027874492)**2 + 0.7497074)**2 - 0.10229339) + 8*(-z_1 + (z_1 - 1*0.027874492)**2 + 0.7497074)*(-z_1 + z_1 + (-z_1 + (z_1 - 1*0.027874492)**2 + 0.7497074)**2 - 0.10229339) + 3.0489956,8.20368470158428e-05
1,2,z_{2} z_{2}^{2} \left(z_{2} \cdot 0.990 - 1.96\right) \left(-0.0749\right) - z_{2}^{2} \left(-0.383\right) - z_{2} \left(-0.119\right) - 0.119,z_2*z_2**2*(z_2*0.98953825 - 1*1.9632443)*(-0.07489075) - (-0.38318363)*z_2**2 - (-0.11944857)*z_2 - 0.118671276,-0.0741072616961875*z_2**3 - 0.22467225*z_2**2*(z_2*0.98953825 - 1*1.9632443) + 0.76636726*z_2 + 0.11944857,-0.444643570177125*z_2**2 - 0.4493445*z_2*(z_2*0.98953825 - 1*1.9632443) + 0.76636726,7.546886671150333e-10
1,3,- z_{3} - \left(z_{3} + \left(z_{3}^{2} + z_{3} \left(- 3.26 z_{3} z_{3}^{2} - 1.42\right)\right) \left(1.11 - z_{3}\right) 0.967\right) + 0.0702,-z_3 - (z_3 + (z_3**2 + z_3*(-3.2554557*z_3*z_3**2 - 1.4177469))*(1.1082495 - z_3)*0.9673421) + 0.07023042,0.9673421*z_3**2 + 0.9673421*z_3*(-3.2554557*z_3*z_3**2 - 1.4177469) - 0.9673421*(1.1082495 - z_3)*(-9.7663671*z_3**3 - 1*z_3*z_3**2*3.2554557 + 2*z_3 - 1.4177469) - 2,-25.1931148263598*z_3**3 + 3.8693684*z_3 - 0.9673421*(1.1082495 - z_3)*(2 - 39.0654684*z_3**2) - 2.74289252702898,1.2205680832266808e-05
1,4,z_{4} \left(z_{4} + \left(z_{4} \left(-0.0529\right) + \left(6.36 \cdot 10^{-5} - z_{4} z_{4}\right) \left(z_{4} - 0.401\right) \left(-1.16 \cdot 10^{-5}\right) - 0.00363\right) 19.1\right) + 0.00456,z_4*(z_4 + (z_4*(-0.052885097) + (6.363603e-5 - z_4*z_4)*(z_4 - 1*0.4013741)*(-1.1598603e-5) - 0.0036261277)*19.079327) + 0.004562685,z_4*(0.000221293539380181*z_4**2 + 0.000442587078760362*z_4*(z_4 - 1*0.4013741) - 0.00901207317196118) + z_4 + (z_4*(-0.052885097) + (6.363603e-5 - z_4*z_4)*(z_4 - 1*0.4013741)*(-1.1598603e-5) - 0.0036261277)*19.079327,0.000442587078760362*z_4**2 + z_4*(0.00132776123628109*z_4 - 0.000177642990409069) + 0.000885174157520724*z_4*(z_4 - 1*0.4013741) - 0.0180241463439224,2.3596728547905024e-16
1,5,z_{5} \left(3.24 - \left(\left(z_{5}^{2} + z_{5}\right) z_{5} \left(-0.0331\right) + z_{5}\right)\right) 0.118 \left(z_{5} + z_{5} + 0.217\right) - 0.116,z_5*(3.2389247 - ((z_5**2 + z_5)*z_5*(-0.033059355) + z_5))*0.11789951*(z_5 + z_5 + 0.21698372) - 0.11609721,0.23579902*z_5*(3.2389247 - ((z_5**2 + z_5)*z_5*(-0.033059355) + z_5)) + 0.11789951*z_5*(z_5 + z_5 + 0.21698372)*(0.033059355*z_5**2 + 0.033059355*z_5*(2*z_5 + 1) + 0.033059355*z_5 - 1) + 0.11789951*(3.2389247 - ((z_5**2 + z_5)*z_5*(-0.033059355) + z_5))*(z_5 + z_5 + 0.21698372),0.11789951*z_5*(0.19835613*z_5 + 0.06611871)*(z_5 + z_5 + 0.21698372) + 0.0155907270216642*z_5*(z_5**2 + z_5) + 0.47159804*z_5*(0.033059355*z_5**2 + 0.033059355*z_5*(2*z_5 + 1) + 0.033059355*z_5 - 1) - 0.47159804*z_5 + 0.23579902*(z_5 + z_5 + 0.21698372)*(0.033059355*z_5**2 + 0.033059355*z_5*(2*z_5 + 1) + 0.033059355*z_5 - 1) + 1.52747054022759,1.7182699593831785e-06
1,7,z_{7} \left(z_{7}^{2} \left(z_{7}^{10} \left(z_{7} - -0.917\right)^{2} - 0.0141\right) + z_{7} \cdot 0.0789 - 0.0868\right) - 0.0294,z_7*(z_7**2*(z_7**10*(z_7 - 1*(-0.91693556))**2 - 0.014090224) + z_7*0.078933306 - 1*0.08675996) - 1*0.029388057,z_7**2*(z_7**10*(z_7 - 1*(-0.91693556))**2 - 0.014090224) + z_7*(z_7**2*(z_7**10*(2*z_7 + 1.83387112) + 10*z_7**9*(z_7 - 1*(-0.91693556))**2) + 2*z_7*(z_7**10*(z_7 - 1*(-0.91693556))**2 - 0.014090224) + 0.078933306) + z_7*0.078933306 - 0.08675996,2*z_7**2*(z_7**10*(2*z_7 + 1.83387112) + 10*z_7**9*(z_7 - 1*(-0.91693556))**2) + 4*z_7*(z_7**10*(z_7 - 1*(-0.91693556))**2 - 0.014090224) + z_7*(2*z_7**10*(z_7 - 1*(-0.91693556))**2 + z_7**2*(2*z_7**10 + 20*z_7**9*(2*z_7 + 1.83387112) + 90*z_7**8*(z_7 - 1*(-0.91693556))**2) + 4*z_7*(z_7**10*(2*z_7 + 1.83387112) + 10*z_7**9*(z_7 - 1*(-0.91693556))**2) - 0.028180448) + 0.157866612,3.504022072498003e-11
1,8,\left(z_{8} + z_{8} - \left(z_{8}^{2} \cdot 0.0388 + \left(z_{8} \left(-1.00\right) - 0.00150\right)^{2} z_{8} \cdot 0.0484\right) - 0.760\right) \left(-0.00429\right),(z_8 + z_8 - (z_8**2*0.038754612 + (z_8*(-1.0045497) - 1*0.0015019199)**2*z_8*0.04835897) - 0.76035035)*(-0.0042900285),0.000207461359530645*z_8*(2.01824019954018*z_8 + 0.00301750636993806) + 0.000332516779972884*z_8 + 0.000207461359530645*(z_8*(-1.0045497) - 1*0.0015019199)**2 - 0.008580057,0.00125612056696802*z_8 + 0.000333768811920683,5.464378949326942e-18
2,1,z_{1}^{2} + \left(z_{1} - \left(0.142 - z_{1} \cdot 2.63 \left(0.786 z_{1} - 1\right)^{4}\right)\right) 0.525 \left(z_{1} - 0.291\right) \left(0.597 - z_{1}\right) - 0.0934,z_1**2 + (z_1 - (0.14149584 - z_1*2.6261233167598*(0.78554527564823*z_1 - 1)**4))*0.52490145*(z_1 - 1*0.2910543)*(0.5966304 - z_1) - 1*0.09341736,2*z_1 + 0.52490145*(0.5966304 - z_1)*(z_1 - 1*0.2910543)*(8.25175505900129*z_1*(0.78554527564823*z_1 - 1)**3 + 2.6261233167598*(0.78554527564823*z_1 - 1)**4 + 1) + 0.52490145*(0.5966304 - z_1)*(z_1 - (0.14149584 - z_1*2.6261233167598*(0.78554527564823*z_1 - 1)**4)) - 0.52490145*(z_1 - 1*0.2910543)*(z_1 - (0.14149584 - z_1*2.6261233167598*(0.78554527564823*z_1 - 1)**4)),-2.75691187369206*z_1*(0.78554527564823*z_1 - 1)**4 - 1.0498029*z_1 + 0.52490145*(0.5966304 - z_1)*(z_1 - 1*0.2910543)*(19.4463816072145*z_1*(0.78554527564823*z_1 - 1)**2 + 16.5035101180026*(0.78554527564823*z_1 - 1)**3) + 1.0498029*(0.5966304 - z_1)*(8.25175505900129*z_1*(0.78554527564823*z_1 - 1)**3 + 2.6261233167598*(0.78554527564823*z_1 - 1)**4 + 1) - 1.0498029*(z_1 - 1*0.2910543)*(8.25175505900129*z_1*(0.78554527564823*z_1 - 1)**3 + 2.6261233167598*(0.78554527564823*z_1 - 1)**4 + 1) + 2.14854274316994,3.091626858804375e-05
2,2,z_{2} \left(z_{2}^{2} \left(z_{2} \cdot 8.82 \cdot 10^{-5} \left(z_{2} + 2.78\right) - 0.00170\right) + 0.00282\right) \left(-10.2\right) + 0.0109,z_2*(z_2**2*(z_2*8.816794e-5*(z_2 + 2.7819571) - 0.0016961367) + 0.0028218688)*(-10.228533) + 0.010868062,-10.228533*z_2**2*(z_2*8.816794e-5*(z_2 + 2.7819571) - 0.0016961367) - 10.228533*z_2*(z_2**2*(0.00017633588*z_2 + 0.000245279426675374) + 2*z_2*(z_2*8.816794e-5*(z_2 + 2.7819571) - 0.0016961367)) - 0.0288635781424704,-20.457066*z_2**2*(0.00017633588*z_2 + 0.000245279426675374) - 40.914132*z_2*(z_2*8.816794e-5*(z_2 + 2.7819571) - 0.0016961367) - 10.228533*z_2*(0.00017633588*z_2**2 + 4*z_2*(0.00017633588*z_2 + 0.000245279426675374) + 2*z_2*8.816794e-5*(z_2 + 2.7819571) - 0.0033922734),1.2430110274408435e-10
2,3,\left(z_{3} + \left(z_{3} - 0.403\right)^{2} \cdot 1.51 \left(- 0.814 z_{3}^{2} \left(1.33 - \left(z_{3} \cdot 0.956 - 0.139\right)\right) + 1\right)^{2} - 0.239\right) 1.05,(z_3 + (z_3 - 0.4032416)**2*(1.51069639699521*(-0.813600868079582*z_3**2*(1.3323009 - (z_3*0.9563774 - 0.1393965)) + 1)**2) - 1*0.23942561)*1.0456265,1.57962418615271*(z_3 - 0.4032416)**2*(1.55621896570339*z_3**2 - 3.25440347231833*z_3*(1.3323009 - (z_3*0.9563774 - 0.1393965)))*(-0.813600868079582*z_3**2*(1.3323009 - (z_3*0.9563774 - 0.1393965)) + 1) + 1.57962418615271*(2*z_3 - 0.8064832)*(-0.813600868079582*z_3**2*(1.3323009 - (z_3*0.9563774 - 0.1393965)) + 1)**2 + 1.0456265,1.57962418615271*(z_3 - 0.4032416)**2*(9.33731379422033*z_3 - 4.78949712876186)*(-0.813600868079582*z_3**2*(1.3323009 - (z_3*0.9563774 - 0.1393965)) + 1) + 1.57962418615271*(z_3 - 0.4032416)**2*(0.778109482851694*z_3**2 - 1.62720173615916*z_3*(1.3323009 - (z_3*0.9563774 - 0.1393965)))*(1.55621896570339*z_3**2 - 3.25440347231833*z_3*(1.3323009 - (z_3*0.9563774 - 0.1393965))) + 3.15924837230542*(2*z_3 - 0.8064832)*(1.55621896570339*z_3**2 - 3.25440347231833*z_3*(1.3323009 - (z_3*0.9563774 - 0.1393965)))*(-0.813600868079582*z_3**2*(1.3323009 - (z_3*0.9563774 - 0.1393965)) + 1) + 3.15924837230542*(-0.813600868079582*z_3**2*(1.3323009 - (z_3*0.9563774 - 0.1393965)) + 1)**2,5.709074685000815e-07
2,5,\left(z_{5} - \left(- 0.772 z_{5} \left(z_{5} - 0.466\right)^{2} + z_{5} - 0.596\right)^{2} \cdot 0.0959 - 0.292\right) 0.0302 z_{5} - 0.00181,(z_5 - 0.095943004*(-0.7719022*z_5*(z_5 - 1*0.466273)**2 + z_5 - 1*0.59582704)**2 - 1*0.29197413)*0.030187897*z_5 - 1*0.0018086036,0.030187897*z_5*(-0.095943004*(-1.5438044*z_5*(2*z_5 - 0.932546) - 1.5438044*(z_5 - 1*0.466273)**2 + 2)*(-0.7719022*z_5*(z_5 - 1*0.466273)**2 + z_5 - 1*0.59582704) + 1) + 0.030187897*z_5 - 0.00289631752262259*(-0.7719022*z_5*(z_5 - 1*0.466273)**2 + z_5 - 1*0.59582704)**2 - 0.00881408496310461,0.030187897*z_5*(-0.095943004*(2.8793372360048 - 9.2628264*z_5)*(-0.7719022*z_5*(z_5 - 1*0.466273)**2 + z_5 - 1*0.59582704) - 0.095943004*(-1.5438044*z_5*(2*z_5 - 0.932546) - 1.5438044*(z_5 - 1*0.466273)**2 + 2)*(-0.7719022*z_5*(2*z_5 - 0.932546) - 0.7719022*(z_5 - 1*0.466273)**2 + 1)) - 0.00579263504524518*(-1.5438044*z_5*(2*z_5 - 0.932546) - 1.5438044*(z_5 - 1*0.466273)**2 + 2)*(-0.7719022*z_5*(z_5 - 1*0.466273)**2 + z_5 - 1*0.59582704) + 0.060375794,5.217829279757779e-10
2,6,z_{6} \left(- \left(-0.00935\right) \left(z_{6} z_{6} \cdot 0.294 + z_{6} - 0.228\right) - 0.0408\right) - -0.0160,z_6*(-(-0.0093514575)*(z_6*z_6*0.2940052 + z_6 - 1*0.22785933) - 0.040838934) - 1*(-0.016007187),z_6*(0.005498754265158*z_6 + 0.0093514575) - 1*(z_6*z_6*0.2940052 + z_6 - 1*0.22785933)*(-0.0093514575) - 0.040838934,0.016496262795474*z_6 + 0.018702915,9.614428697624077e-12
2,7,\left(z_{7} - \left(- \left(-4.53\right) z_{7} - 1.09\right) \left(- z_{7} - \left(z_{7} + 0.160\right) + 0.0129\right) \left(-0.0475\right) + 2.12\right) \left(z_{7} + 0.330\right) 0.00982,(z_7 - (-0.04745537)*(-(-4.5325484)*z_7 - 1.0909721)*(-z_7 - (z_7 + 0.15975326) + 0.012863236) + 2.1218252)*(z_7 + 0.32989007)*0.009823736,0.009823736*z_7 + 0.009823736*(1.07194984156121 - 0.860375045459632*z_7)*(z_7 + 0.32989007) + 0.00046618902666232*(-(-4.5325484)*z_7 - 1.0909721)*(-z_7 - (z_7 + 0.15975326) + 0.012863236) + 0.0208442506029472,0.0182728415250328 - 0.0253562919227503*z_7,4.11927332522044e-12
