Complexity,Loss,Equation
1,1.2154634,"-0.13526534"
3,0.16884036,"0.053754065 - z_3"
5,0.036937173,"z_3 * (-0.61392134 - z_3)"
7,0.034178745,"(0.07634565 - z_3) * (z_3 + 0.69969124)"
8,0.012474966,"z_3 * (square(z_3 - 0.8638416) + -1.2945204)"
10,0.005070739,"(z_3 * (square(z_3 - 0.62865657) + -0.64244443)) * 1.9331751"
12,0.00035421067,"((z_3 * (square(z_3 - 0.61998665) + -0.62710446)) * 2.0004656) - -0.070144705"
13,0.00035420415,"(z_3 * ((1.4120643 - z_3) * ((-0.34385052 - z_3) - z_3))) + 0.07013188"
15,0.0003542025,"((1.4121495 - z_3) * (z_3 * (((z_3 * 1.2135174) + 0.2086649) * -1.6478678))) + 0.07013003"
18,0.000163323,"(0.070801325 - z_3) + ((z_3 + -0.25556758) * (square((z_3 * 0.6330387) - 0.9510372) * (z_3 * -2.255201)))"
21,0.00015880397,"((square(0.7507365 - z_3) + -0.112715684) * ((((z_3 - 0.9749893) * (-1.7189081 * z_3)) + 0.15692621) + square(z_3))) - z_3"
22,2.9327926e-5,"(0.07065305 - ((z_3 * ((1.0864407 - z_3) * (z_3 + (-1.4025264 - ((square(z_3) * z_3) * 3.3883886))))) + z_3)) - z_3"
24,2.0188125e-5,"((0.07073682 - ((z_3 * ((1.0808378 - z_3) * (z_3 + (-1.4042867 - ((square(z_3) * z_3) * 3.3953376))))) + z_3)) - z_3) * 0.9931258"
25,1.4085398e-5,"(0.07023042 - (z_3 + ((square(z_3) + ((-1.4177469 - ((z_3 * square(z_3)) * 3.2554557)) * z_3)) * ((1.1082495 - z_3) * 0.9673421)))) - z_3"
27,1.4015977e-5,"(0.07022868 - (z_3 + ((((-1.4139563 - (((square(z_3) - -0.0010937377) * 3.2543356) * z_3)) * z_3) + square(z_3)) * ((1.1069517 - z_3) * 0.9710782)))) - z_3"
