Inc,Strain,Stress,Xi,Nabla Xi,W,f
0,0.0,0.0,0.0,0.0,0.0,0.0
1,8e-05,39.75,9e-05,9e-05,0.00159,0.0
2,8.999999999999999e-05,41.529999999999994,0.00058,0.00058,0.00187,0.0
3,0.00012,56.44,0.0006,0.0006,0.00334,0.0
4,0.00017,81.17,0.001,0.001,0.00677,0.0
5,0.00017999999999999998,82.55,0.00218,0.0011678218832811517,0.00743,2e-05
6,0.00021,97.4,0.00223,0.001069255793096458,0.01013,2e-05
7,0.00021999999999999998,102.09,0.00327,0.001240772300682391,0.0111,4e-05
8,0.00025,116.92,0.0033,0.0011586267311523043,0.01439,4e-05
9,0.00027,123.72,0.00459,0.000581917372782575,0.01664,7e-05
10,0.0003,138.36,0.00507,0.0013483455713638535,0.02055,9e-05
11,0.00032,147.71,0.00656,0.0004691954203822189,0.02334,0.00014
12,0.00035000000000000005,161.97,0.0078,0.0005675204936417492,0.02792,0.0002
13,0.00037,167.74,0.00876,0.0016652637520568206,0.03097,0.00026
14,0.0004,182.15,0.00942,0.0017339894077113176,0.03617,0.0003
15,0.00042,191.16,0.01129,0.0020085743571031235,0.03976,0.00043
16,0.00046,209.94,0.01274,0.0016822647469703154,0.04765,0.00054
17,0.00047,209.97,0.01485,0.002403579453565538,0.04935,0.00074
18,0.0005099999999999999,229.1,0.01525,0.002443278553858138,0.05809,0.00078
19,0.00053,237.32,0.01812,0.0028384920836367527,0.0624,0.0011
20,0.0005600000000000001,251.23000000000002,0.01901,0.0029411700120454375,0.06961,0.00121
21,0.00058,255.94,0.02169,0.0031090551875161913,0.07412,0.00157
22,0.0006,264.72,0.02303,0.0033020453766907706,0.07911,0.00177
23,0.00062,273.25,0.02474,0.00385275420766877,0.08421,0.00205
24,0.00065,286.4,0.02648,0.003795514494140333,0.09229,0.00234
25,0.00068,298.91,0.02904,0.004366202136974137,0.10057,0.00282
26,0.0007000000000000001,306.47,0.03179,0.0047994836941995115,0.10603,0.00338
27,0.00073,314.89,0.03325,0.005092737078233278,0.11467,0.0037
28,0.00074,317.78000000000003,0.03589,0.005472724500251914,0.11721,0.00431
29,0.00079,340.01,0.03714,0.005514193750831808,0.13333,0.00461
30,0.0008,341.1,0.04196,0.006370372170463385,0.13539,0.00589
31,0.00082,346.34999999999997,0.04286,0.006379360546214077,0.14184,0.00614
32,0.00083,349.55,0.0447,0.0066875597685174095,0.14478,0.00668
33,0.0008699999999999999,366.73,0.04599,0.006855611621391919,0.1587,0.00707
34,0.00089,372.44,0.05022,0.007478853613766394,0.16466,0.00843
35,0.00091,379.51,0.05255,0.007818405810583132,0.17136,0.00923
36,0.00094,390.89000000000004,0.05493,0.008265712994956003,0.18203,0.01009
37,0.00095,388.35999999999996,0.05803,0.008714595598913306,0.18445,0.01126
38,0.00098,400.90999999999997,0.05886,0.008762693859180772,0.19595,0.01158
39,0.00099,402.04,0.06267,0.009368117200252976,0.19838,0.01313
40,0.0010299999999999999,418.86,0.06343,0.009475491918354517,0.21447,0.01345
41,0.00106,426.87,0.0689,0.010295679150707405,0.2246,0.01587
42,0.00108,428.44,0.07252,0.010816486906145872,0.23117,0.01758
43,0.0011,434.74,0.07494,0.011274558352993073,0.23858,0.01878
44,0.0011200000000000001,440.71,0.07761,0.011517430388428375,0.24595,0.02013
45,0.00116,454.98,0.08031,0.011982323282812133,0.26238,0.02156
46,0.00117,453.82,0.08564,0.012816448338452949,0.26389,0.02452
47,0.0011799999999999998,456.77,0.08684,0.01297283786702659,0.26775,0.02521
48,0.0012,463.34,0.08852,0.013167532491951732,0.27596,0.02619
49,0.00121,460.96,0.09095,0.01355562585625391,0.27885,0.02765
50,0.00125,476.14,0.0922,0.013794618460506518,0.29681,0.02842
51,0.00127,478.32000000000005,0.09786,0.014678873582928853,0.30263,0.03202
52,0.0013,487.33,0.10077,0.015088740734133398,0.31514,0.03395
53,0.00131,486.63,0.10508,0.01567339700576439,0.31699,0.03691
54,0.00134,496.59999999999997,0.10684,0.015966814667998153,0.33047,0.03816
55,0.00135,492.23,0.1108,0.016639615968280865,0.33223,0.04105
56,0.0013900000000000002,506.49,0.11214,0.016850745298810428,0.35119,0.04205
57,0.0014099999999999998,507.41,0.11816,0.01770434290783379,0.35655,0.04668
58,0.0014399999999999999,515.42,0.12124,0.01820558814637283,0.36937,0.04915
59,0.00146,517.7,0.1258,0.01883582051721071,0.37586,0.05291
60,0.00149,522.28,0.12879,0.019402027015071904,0.38863,0.05547
61,0.0015199999999999999,528.15,0.13331,0.020068777406845203,0.40032,0.05943
62,0.00156,537.1899999999999,0.13809,0.02080098439948859,0.41715,0.06377
63,0.00157,532.96,0.14442,0.02168134510085262,0.4164,0.06974
64,0.00158,534.85,0.14581,0.02196732041135301,0.42038,0.0711
65,0.0016,539.71,0.14771,0.022218967246579777,0.42925,0.07296
66,0.0016200000000000001,539.5,0.15071,0.022846660721344093,0.43672,0.07598
67,0.0016300000000000002,539.22,0.15376,0.02333252542070067,0.43899,0.07909
68,0.00168,554.7299999999999,0.15558,0.023586680349473865,0.46441,0.08097
69,0.00169,547.79,0.16357,0.024735148616174214,0.4612,0.08949
70,0.0017000000000000001,549.33,0.16505,0.024978809520800883,0.46505,0.09112
71,0.0017299999999999998,557.1500000000001,0.167,0.025238737761465912,0.47945,0.09328
72,0.0017499999999999998,554.3900000000001,0.17178,0.02633375139218347,0.48479,0.09876
73,0.0018,567.11,0.17502,0.026769823555843678,0.50896,0.10251
74,0.00181,559.08,0.18333,0.028010828492639025,0.50441,0.11247
75,0.00183,563.64,0.18485,0.02822832542445831,0.51375,0.11434
76,0.0018599999999999999,568.65,0.18837,0.02878662372534477,0.52626,0.11874
77,0.00188,565.02,0.19337,0.030077885325050947,0.53079,0.12523
78,0.00193,576.5799999999999,0.19667,0.030537385204156404,0.55491,0.12953
79,0.0019399,567.69,0.20512,0.031754596633234954,0.54904,0.14088
80,0.0019599,571.77,0.20668,0.031991229455578994,0.55827,0.14303
81,0.0019799,572.87,0.21024,0.03254352835696347,0.56469,0.148
82,0.0019899,570.8299999999999,0.21376,0.03310065294957287,0.56539,0.153
83,0.0020099000000000002,571.65,0.21532,0.03424128788054924,0.57415,0.15544
84,0.0020599,582.11,0.21866,0.03472971384640554,0.59802,0.16029
85,0.0020699,572.48,0.2272,0.03585190060175891,0.59083,0.173
86,0.0020799,573.12,0.22877,0.03618766418046238,0.59414,0.17542
87,0.0020999,576.0999999999999,0.23075,0.036418442353086375,0.60258,0.17845
88,0.0021299,579.84,0.23413,0.03692656543136088,0.61458,0.18371
89,0.0021498999999999997,574.51,0.2392,0.0397683937017159,0.61721,0.19227
90,0.0021598999999999998,572.48,0.24248,0.04020315456151729,0.61765,0.19755
91,0.0022099,583.97,0.24437,0.040434948462765956,0.64342,0.20062
92,0.0022199,573.76,0.25284,0.04151277570566674,0.63489,0.21468
93,0.0022299,573.21,0.2549,0.04202441150188178,0.63706,0.21824
94,0.0022499,577.11,0.25599,0.042166199752041375,0.64669,0.2201
95,0.0022799,579.52,0.25975,0.042702640218742885,0.65746,0.22659
